Date,Close,High,Low,Open,Volume
,GOOG,GOOG,GOOG,GOOG,GOOG
2025-01-02,189.75704956054688,192.31527281627066,187.84584367286573,190.6081299911665,17545200
2025-01-03,192.24562072753906,193.6093423401244,190.47377294848562,191.84247652544025,12875000
2025-01-06,197.05349731445312,198.64616139270905,194.16676804131993,194.25635226300807,19483300
2025-01-07,195.80923461914062,201.21436233782782,195.04275634097473,197.3620886556935,16966800
2025-01-08,194.49526977539062,196.7349665785107,192.86278026867308,193.0618613911672,14335300
2025-01-10,192.28543090820312,196.7150503565844,190.72262817648917,194.52512767087055,20753800
2025-01-13,191.40945434570312,191.6085506520479,187.79608725706328,190.47377157489464,13169100
2025-01-14,190.17514038085938,192.3849756964784,188.7715934554687,191.618497453767,13651200
2025-01-15,196.07797241210938,196.89422470667378,192.44469279964986,193.46002620372033,12894900
2025-01-16,193.51976013183594,196.07798367318762,193.41026323698176,194.9282738716767,13449600
2025-01-17,196.6453857421875,197.89961050554967,194.4156376406273,197.14309615146212,22109100
2025-01-21,198.71583557128906,202.90654813594054,198.52670321151783,199.5917954428251,19005200
2025-01-22,199.114013671875,201.19443941769566,198.28781261730893,199.63163672065812,15477400
2025-01-23,198.66607666015625,201.01527025607078,195.9187208366964,199.0642388877016,15170800
2025-01-24,200.97544860839844,201.64239389459595,198.86914091953136,198.93484816863383,12732400
2025-01-27,192.8826904296875,197.7602462174967,191.81758289537285,193.30076533816407,24970200
2025-01-28,196.16758728027344,196.32684306707887,191.7280037627585,193.7586555420029,15939200
2025-01-29,196.2770538330078,197.55120635148114,194.29617628524454,196.4661862034589,12287800
2025-01-30,201.70211791992188,202.30733545654485,198.55857435138037,198.84524994707937,14571500
2025-01-31,204.65850830078125,206.1317267292728,202.64775417193695,202.78213050256764,17060300
2025-02-03,201.71205139160156,204.28023863747416,200.7365433519632,201.28899455348483,16719500
2025-02-04,206.75885009765625,207.74430691654345,203.32463636845785,203.56354281581105,28285400
2025-02-05,192.4148406982422,193.6591166789746,189.04036484605254,192.21575957910818,43666400
2025-02-06,192.4247589111328,192.94238188989638,189.61768064216156,190.115390955496,20816600
2025-02-07,186.28305053710938,192.13114781975827,184.252398759534,191.85741317145607,29565700
2025-02-10,187.3381805419922,189.11999217535,186.7508859497544,188.19424298737349,16606000
2025-02-11,186.21336364746094,187.93543726112395,185.22789165465753,185.97943916785727,13028100
2025-02-12,184.5808563232422,185.97445444084866,182.78911118318564,184.38177521755978,17632300
2025-02-13,187.01966857910156,187.12916547689161,184.03340611819064,185.0785858283764,12729300
2025-02-14,186.01426696777344,187.28840428715017,185.25775268092943,185.97445682169322,12714200
2025-02-18,184.94915771484375,186.9200863266443,182.7393226817378,186.58164695481346,19796000
2025-02-19,186.27308654785156,186.5020290634484,184.65054589329594,185.33240666488575,13120500
2025-02-20,185.7853240966797,186.26312179330148,183.7546724943509,185.64596580229355,12063800
2025-02-21,180.7484893798828,186.6115165931875,180.30055311046914,186.43233297207348,19520800
2025-02-24,180.3602752685547,184.24240984131112,180.05169728827332,182.95832384844988,18734000
2025-02-25,176.5577850341797,179.93226098828964,175.96054165873886,179.33003564832237,20832500
2025-02-26,173.89999389648438,177.26452073540196,172.79507630783428,176.1347237047255,23637200
2025-02-27,169.43057250976562,175.78134656514663,168.97466202962403,175.13432915333055,25930500
2025-02-28,171.43136596679688,171.71008256686463,167.61890260075836,169.5201599139399,30049800
2025-03-03,167.88766479492188,174.19862860889896,166.8723313924195,172.93444002266958,24122000
2025-03-04,171.81956481933594,174.36285737548576,166.7727746623474,167.17095204917203,30711400
2025-03-05,174.18869018554688,174.94520452087065,170.14726900378645,171.53091848861095,18848000
2025-03-06,173.41224670410156,175.92069593026022,171.71802961640304,171.7598446979629,19082400
2025-03-07,174.94520568847656,176.0899335334891,171.46123288671458,172.4486946952218,16395300
2025-03-10,167.2318572998047,169.862761343809,164.99459665658725,169.5737671447147,28990700
2025-03-11,165.4081573486328,168.07394441383764,162.67760699625669,166.10574265010774,23705900
2025-03-12,168.41775512695312,168.94592793540997,164.9098780997037,167.88958231849628,19880100
2025-03-13,164.1624755859375,167.54079590690662,163.50476094405604,167.40127883666267,15206200
2025-03-14,167.0425262451172,167.6703606934966,163.94323992063195,164.74547451647462,18611100
2025-03-17,165.99612426757812,167.87961204901927,165.2387329609085,166.7485127285223,17839100
2025-03-18,162.10955810546875,165.86657374168732,158.25289611875118,165.3882317231237,24616800
2025-03-19,165.70712280273438,167.55373559369966,162.48825521429978,163.3502653420542,24955700
2025-03-20,164.4813690185547,166.45454321967475,162.57794574460488,163.26058333399368,19981500
2025-03-21,165.67724609375,165.89648938026642,162.46833821606813,162.81713850085896,29882100
2025-03-24,169.34454345703125,169.9125869705219,166.86313183090812,168.6818412308444,18742800
2025-03-25,172.1947021484375,172.3142990681028,169.96242906428452,170.59024826609257,13841600
2025-03-26,166.5641632080078,171.34762913257117,166.286117493879,170.70983468971065,22498000
2025-03-27,163.51470947265625,166.86313412830248,163.28550613191504,166.1356533995557,21571200
2025-03-28,155.5223388671875,163.24563852806418,154.8038297940633,161.8006371166279,34866500
2025-03-31,155.69175720214844,156.58866567500607,151.68561772453222,154.27665116494103,33591600
2025-04-01,158.33262634277344,159.52848902265336,154.72011531021212,154.76495845000798,20111400
2025-04-02,158.3126983642578,159.7228167353665,155.99072382283325,156.41925030009824,17113300
2025-04-03,152.10415649414062,154.15406122288604,151.6556946912657,152.30845204281906,28416100
2025-04-04,147.23101806640625,152.56257735588719,147.0316949327119,149.38356497183597,39832200
2025-04-07,148.72584533691406,154.39622943328632,142.16851286156196,142.89599361520985,47823000
2025-04-08,146.0749969482422,153.90791788443934,144.70972180796127,153.04589255222663,35304400
2025-04-09,160.505126953125,161.31233397500836,145.30766499398968,145.82587779066594,46479500
2025-04-10,154.83473205566406,159.47868160240188,151.6756548043879,158.2130526044237,35270500
2025-04-11,158.850830078125,159.30925197986465,155.04898626444395,155.04898626444395,22582000
2025-04-14,160.91372680664062,163.4649050109819,159.3690636138838,161.75082930377357,18255900
2025-04-15,158.13330078125,161.49170063641694,157.10187816944182,161.01335861309875,15690800
2025-04-16,154.9642791748047,157.6350388738156,153.37976061279954,154.93438374580234,16921500
2025-04-17,152.83164978027344,156.52887490103248,150.380118200627,156.07045298716625,19513400
2025-04-21,149.34368896484375,150.53955157172447,147.88871240222318,150.44487765808387,16147800
2025-04-22,153.36976623535156,154.07732678148508,150.35020663233604,150.5495297424931,15910300
2025-04-23,157.1766357421875,159.46871499069186,155.81136043254915,157.36598360099995,18575700
2025-04-24,160.91372680664062,161.1529054656307,157.54536625541604,157.97886521978054,30787500
2025-04-25,163.28549194335938,167.66036642164852,162.43841437486833,166.52429468396258,35148100
2025-04-28,161.8604278564453,164.38171026938633,159.82746276692305,163.69408502836254,20871200
2025-04-29,161.5016632080078,162.11952229794406,158.84086380320036,161.4867154947422,15955200
2025-04-30,160.335693359375,160.8180194116606,156.61356075430186,159.30924318183526,20639500
2025-05-01,162.22914123535156,163.37518832280907,160.37554879011944,161.96008240104115,21904300
2025-05-02,165.23875427246094,166.12568746475407,163.09616746599934,164.38670414878305,16844900
2025-05-05,165.47792053222656,166.52430606889658,163.90336219055314,163.94820532989658,15309300
2025-05-06,164.630859375,166.16556237063483,162.56799872774533,163.39514108400195,10691900
2025-05-07,152.27357482910156,166.41468972066798,148.97498090988586,165.49786113936176,78729800
2025-05-08,155.21340942382812,156.86769403411407,153.5691000934792,155.38282191434374,38387500
2025-05-09,153.84812927246094,155.89105437289106,153.30002111123036,155.01409652114108,22871000
2025-05-12,159.03021240234375,159.88725011484576,157.3460324040138,158.5518703693391,31884900
2025-05-13,160.335693359375,161.50166059387493,157.03709956492992,159.3690340339298,24944300
2025-05-14,166.23529052734375,167.7600180335207,160.37554390362482,160.7542395634815,31769200
2025-05-15,164.8301544189453,166.93288561158357,163.2755313961832,166.56416520922104,22717600
2025-05-16,166.85316467285156,170.0620723801173,166.37482262141023,168.34799688904792,36271400
2025-05-19,167.29164123535156,167.3713674402021,164.8450974961549,165.14406696278974,21374700
2025-05-20,164.75047302246094,169.09543804313265,163.6941119933255,167.18205434774214,33563300
2025-05-21,169.47410583496094,173.9287069806468,164.32191937471765,164.38171022936268,45567600
2025-05-22,171.3874969482422,177.51631833163697,171.28785058807728,172.7527874178601,45024100
2025-05-23,169.0057373046875,170.61517889922294,168.6768723717691,169.69336260022413,24963600
2025-05-27,173.38059997558594,173.68952953082126,170.6201541260049,170.70984040857914,24341300
2025-05-28,172.78268432617188,175.87199522970104,172.41893633259377,173.38060811094195,25999200
2025-05-29,172.3641357421875,174.79571683393422,171.18819309697466,174.39710097134503,21174700
2025-05-30,172.25450134277344,172.84246501872812,167.9443897158325,171.8160148026651,36258300
2025-06-02,169.78302001953125,170.47263721270443,168.06894471250675,168.42770501412159,24742900
2025-06-03,167.13223266601562,169.21502880358548,166.1057671065911,168.28325238447377,25386700
2025-06-04,168.80641174316406,168.99575958230332,167.21690566982434,167.70023534112542,18508700
2025-06-05,169.22496032714844,171.76617799084298,168.7665536558359,171.02872199871655,25375400
2025-06-06,174.31735229492188,175.22422075260604,171.70638375710703,171.70638375710703,22258100
2025-06-09,177.23080444335938,177.5151523721387,175.26523054535744,175.4747500718264,18817600
2025-06-10,179.60543823242188,182.03497857747755,176.07839439763768,177.36049490508012,32908000
2025-06-11,178.38819885253906,181.3415535485882,177.59998091691168,180.82271788080294,18994400
2025-06-12,176.57228088378906,177.72967756706512,175.71421302887705,177.08112923486027,17345900
2025-06-13,175.48475646972656,177.9422189062432,173.17995008036138,173.18992212692407,20873200
2025-06-16,177.5401153564453,177.8444226178713,175.4248845342781,175.5096849868568,18132500
2025-06-17,176.83169555664062,178.31335883126377,175.5446013539514,176.6022167130365,17656100
2025-06-18,173.58900451660156,177.42437514186435,172.45156708667707,176.88159135832956,32531800
2025-06-20,167.35304260253906,174.9708935959476,165.89633230381628,174.47201728620755,55402600
2025-06-23,165.63693237304688,168.10138294043787,162.9629622490351,166.94400129432034,36975600
2025-06-24,167.363037109375,168.86963814911823,166.53490057245736,167.30815279619202,27310300
2025-06-25,171.1046142578125,172.97040691593398,168.18219577676192,168.27098504810928,23627400
2025-06-26,174.03799438476562,174.25750119449495,170.4760251986993,172.9953446508002,25909100
2025-06-27,177.869384765625,178.43809590922442,172.32188198139906,174.23756541033688,74053100
2025-06-30,176.99134826660156,181.17193445464187,175.10559630004255,180.3787228966327,43964600
2025-07-01,176.51243591308594,176.82173681784994,174.26749231134937,176.40766091669954,25778500
2025-07-02,179.35601806640625,179.53062783204882,175.69426752119247,176.14824682206404,19325900
2025-07-03,180.1442413330078,180.36374813071492,177.78954450492,179.41588617215984,13287400
2025-07-07,177.1609649658203,179.9347162223865,176.2430343191759,179.73017509426768,20991400
2025-07-08,174.766357421875,178.3881891803029,173.52913865793022,178.37821713464507,24108600
2025-07-09,177.26075744628906,179.87486478280312,173.48925326441045,175.71423763690527,31288000
2025-07-10,178.29840087890625,179.18640015516522,175.34506147169566,176.2729641563774,24693700
2025-07-11,180.90252685546875,182.19960831898157,177.1419999954269,177.5101740042785,23975700
2025-07-14,182.39915466308594,184.3148378732345,180.30487288076202,181.66082746538615,20990400
2025-07-15,182.6885223388672,184.9933286005737,181.98011123519012,183.52663093866997,23911600
2025-07-16,183.3570098876953,184.918495230525,182.66855811901667,183.9057768934897,21152600
2025-07-17,184.284912109375,184.77081716458488,181.09210666215927,182.70348267884268,21654400
2025-07-18,185.52212524414062,186.93893214253,184.31483787096195,186.20058972034252,21033400
2025-07-21,190.7204132080078,190.83016660863174,186.6296364723373,186.67952714980223,24665000
2025-07-22,191.6782684326172,192.92545928566776,188.07138700477574,191.9875693282541,26212900
2025-07-23,191.07960510253906,192.92545360045878,189.75259224705852,191.9277009474205,34068100
2025-07-24,192.76580810546875,198.52284513405064,191.51861729833644,197.66477724976374,45252100
2025-07-25,193.6438446044922,194.83615115662784,191.69822989683496,192.49641987213175,31101800
2025-07-28,192.9853057861328,194.38216855881177,191.42382053347023,193.97308633952386,25553500
2025-07-29,195.98854064941406,196.2180347146009,192.55628441099617,192.8655852885559,31891600
2025-07-30,196.9962921142578,198.03394820551867,195.12051219888494,195.8588546649248,21150500
2025-07-31,192.42657470703125,196.38765390471343,191.64832886600274,196.15817506043504,27852000
2025-08-01,189.52310180664062,191.1873523993308,188.2759110666331,189.35348569293916,21236700
2025-08-04,195.31008911132812,195.63934932604175,190.49094179060694,190.74537359845334,23386000
2025-08-05,194.8810577392578,198.25345139263305,194.23750300779153,195.1055429540734,19010200
2025-08-06,196.4774627685547,196.9364357161351,194.02997243608303,194.81121756180326,15383700
2025-08-07,196.83663940429688,197.92418612692944,194.7812714038729,197.2656809558061,14660600
2025-08-08,201.63583374023438,202.97281866623578,197.45524761050837,197.5350696511723,24379900
2025-08-11,201.1768798828125,201.7056875908846,199.3509906320267,201.10203625141725,16690200
2025-08-12,203.70118713378906,204.66900843391733,200.94738004290974,201.6408254507789,19854000
2025-08-13,202.57371520996094,204.96831543167775,198.19358177412687,204.51932979316797,19573000
2025-08-14,203.36196899414062,204.95836422946513,201.87031830824085,202.10479080906802,17777100
2025-08-15,204.4495086669922,206.86406836526706,201.6308603446474,204.25993321876226,21111400
2025-08-18,203.8308868408203,205.67673537541967,202.9528748413574,204.60914793219283,13000200
2025-08-19,202.03494262695312,203.83088524444656,200.47843568089604,203.4467559492211,13476600
2025-08-20,199.74009704589844,201.71564294702242,197.0162366887203,201.22673868824825,13971700
2025-08-21,200.16912841796875,202.9029761139909,199.9496216206861,200.2689097710961,11768900
2025-08-22,206.25543212890625,208.75978583726322,201.675751050388,203.5016402542967,25723700
2025-08-25,208.68995666503906,210.61561205240125,205.48716382566994,206.53480719693073,22788800
2025-08-26,207.48265075683594,207.99151432806303,205.98602185227907,207.90170502317227,23051000
2025-08-27,207.74208068847656,209.0990248670544,205.92616360375612,205.9960135952439,15249000
2025-08-28,211.89273071289062,212.4215384126683,207.13346141489166,207.3729123132075,20915700
2025-08-29,213.05010986328125,214.85603961982682,210.49586566234413,210.79519448500002,24682200
2025-09-02,211.5135955810547,211.8917416534942,206.49490083126045,208.520337548597,28900100
2025-09-03,230.5806427001953,231.27906650785874,224.61407091237746,225.97101512062235,72250300
2025-09-04,232.1371307373047,232.24688413567327,226.25038108084854,229.63775552529555,32196000
2025-09-05,234.64149475097656,235.59934401774802,231.85777148652727,232.13714101756528,26127700
2025-09-08,233.84259033203125,238.07683308861866,233.41316529056112,235.4703704393718,23128800
2025-09-09,239.61474609375,240.26385887562813,233.06364109506634,233.87254064230376,22854800
2025-09-10,239.23526000976562,241.7518482694581,237.78722861695667,238.9256826709429,19990100
2025-09-11,240.45361328125,242.24119540855662,236.2593095720754,239.81448143259584,21308600
2025-09-12,241.0528106689453,242.09439613538615,238.17670967591036,240.47359503906435,14536600
2025-09-15,251.41873168945312,252.40739522173703,244.64792325626271,244.80771003204495,29935200
2025-09-16,251.0791778564453,252.886721815731,249.37648729442694,251.9879479343738,24493500
2025-09-17,249.51132202148438,251.60846622440926,246.24575040208808,251.11914019611262,20491300
2025-09-18,251.98794555664062,253.7954894988705,249.77095374956744,251.51858146535278,21166400
2025-09-19,254.89401245117188,256.3520400389092,251.7262999738622,253.05649509989235,41616800
2025-09-22,252.53721618652344,255.96255937363452,250.4700148378594,254.4346345672764,20079000
2025-09-23,251.99794006347656,254.42465403168023,250.74963448508717,253.31115997003903,17521100
2025-09-24,247.4940643310547,252.61711541084662,246.88489058620982,251.8082005786909,16958500
2025-09-25,246.2357635498047,246.9797487713338,241.3224195620241,244.5080977205706,17379800
2025-09-26,246.8449249267578,249.78094201324313,246.30566363488114,247.44911578332088,16594600
2025-09-29,244.0287628173828,251.30687809276412,242.8703315773225,247.93844920495468,23157200
2025-09-30,243.2198486328125,243.3446791838211,239.24623863215143,242.73050738714113,22541200
2025-10-01,245.2071533203125,246.81497150595618,238.87575111870152,240.8530628773219,23967700
2025-10-02,246.095947265625,247.29931566997493,242.7754574796697,245.30702484602278,20657500
2025-10-03,246.1159210205078,246.78301477995933,242.14132038642188,244.89757357559975,19941400
2025-10-06,251.16905212402344,251.85811921064592,245.35694953418547,245.44682387467418,18309000
2025-10-07,246.7949981689453,251.20900463703433,246.4754246431322,248.5925459182787,13811200
2025-10-08,245.1272735595703,246.9248213802435,244.75776475092104,245.86626070065884,14136500
2025-10-09,241.88168334960938,245.2221350767108,239.35509882598436,244.72781094114117,19375700
2025-10-10,237.16807556152344,244.5081031151831,236.3641588566611,241.83174330747613,22449100
2025-10-13,244.30838012695312,244.6579117832554,240.42365378640827,240.70327301620802,12465000
2025-10-14,245.85629272460938,247.68879685496785,240.85107781843712,241.427306790227,17705400
2025-10-15,251.36880493164062,252.41736942916336,246.4554607554471,247.74871874685488,16048100
2025-10-16,251.53857421875,257.23082941743115,250.33020770413574,252.122772700916,18946000
2025-10-17,253.4459686279297,254.53450266096655,248.25302052802706,251.00928896640758,17653800
2025-10-20,256.6716003417969,257.5304504658622,254.25489770036705,254.88403337816922,13726800
2025-10-21,250.99929809570312,255.03383029849985,244.33834129177995,254.90400164086319,27836400
2025-10-22,252.18768310546875,256.8313737278801,250.1115065245809,254.66431708821446,19650200
2025-10-23,253.3860626220703,255.51318026566653,252.4253762515009,253.35610450636662,13241300
2025-10-24,260.1568603515625,262.15414913586386,255.75283492503297,256.95118990988885,18406000
2025-10-27,269.5640869140625,270.43290270240664,264.5808609008827,265.0002744998441,22987700
2025-10-28,268.0661315917969,271.0121450108063,266.80786026547077,269.83375183368696,20101200
2025-10-29,274.7969970703125,275.595900411786,268.0661129897522,268.24586167015235,26287900
2025-10-30,281.5178527832031,291.53425498576104,280.06983667597433,291.3245481932234,48570000
2025-10-31,281.43798828125,285.8969321261184,277.14681597378535,282.82109013084,29932800
2025-11-03,283.73486328125,285.552403539531,279.98994650105004,282.03718595995247,19691800
2025-11-04,277.6830749511719,281.4519764379777,276.4896875121595,276.6894285938104,18123700
2025-11-05,284.364013671875,286.31138258460743,277.5033310189176,279.00129772833924,20063200
2025-11-06,284.9532165527344,288.41851416951283,281.2382578122001,285.34767015683235,23103800
2025-11-07,279.32086181640625,284.114342933768,275.3662078945626,283.8247275130803,21991100
2025-11-10,290.19610595703125,291.0649218088883,283.15567431675817,284.87834220037746,19508200
2025-11-11,291.3445129394531,291.9437056858744,287.4897601121121,287.8093336403647,14156700
2025-11-12,287.04034423828125,291.9636536729535,283.9944910972563,291.6890325661738,16998800
2025-11-13,278.74163818359375,283.1257020133516,277.62316125903163,282.6013892882789,18060200
2025-11-14,276.60455322265625,278.77159463198814,271.04209627178807,271.5264242058176,18330500
2025-11-17,285.2128601074219,294.12075150639083,283.8447220914702,286.01176347439497,34286100
2025-11-18,284.5736999511719,289.0426397405046,278.6317840514575,288.09391536915274,29702200
2025-11-19,292.59283447265625,303.8375809941279,287.28006903674975,287.2950328562193,43123600
2025-11-20,289.5869445800781,306.47402681961586,288.7780449689889,304.3269167525351,34801400
2025-11-21,299.2438049316406,303.5479600958327,293.9609672298312,296.46757456498995,43670600
2025-11-24,318.0382995605469,319.3664832709761,308.9805870747885,310.5884204886871,55311800
2025-11-25,323.2012939453125,328.2244741468647,317.385183737123,326.3569834859101,50899300
2025-11-26,319.8458557128906,324.54946272266824,316.77004409635146,320.3451779573829,29839600
2025-11-28,319.68603515625,326.4368809408099,316.5103533311448,322.99154562739795,19695800
2025-12-01,314.6928405761719,319.19673688920335,313.55440172776275,317.0446592749507,28520600
2025-12-02,315.59161376953125,318.16813356335206,313.79406591782276,316.4704257774636,24668200
2025-12-03,320.1853942871094,321.6034828847526,313.8539918226923,315.60161969536335,32285100
2025-12-04,317.9584045410156,322.66100540787016,315.1621819405985,322.6070929951429,20831600
2025-12-05,321.65338134765625,323.39101290641935,319.5462562253593,319.5662181425578,15719900
2025-12-08,314.2286376953125,321.00386331874694,311.6904173301635,320.8039919213927,22006900
2025-12-09,317.52630615234375,318.4846459049336,312.3999127582196,312.87958582006485,14151300
2025-12-10,320.7740173339844,321.6433999782248,315.1779536114936,316.3970959564073,22764500
2025-12-11,313.4791564941406,321.76329808879126,309.6618385878626,320.87394053769606,25912100
2025-12-12,310.3013916015625,315.9174608950193,306.7439001819645,314.5734065176645,21264800
2025-12-15,309.10223388671875,312.47985911330255,305.52473726955543,312.40489971781204,22028900
2025-12-16,307.51336669921875,311.625459948919,303.61608793224536,305.784573653889,21285200
2025-12-17,297.85015869140625,308.9773292372283,297.2406027790044,308.7924619197888,29120400
2025-12-18,303.5361633300781,305.0451100653827,300.41836465524796,302.846646642826,21040500
2025-12-19,308.3927307128906,308.77246808062773,302.1271556335122,303.05649361491436,45234400
2025-12-22,311.1108093261719,311.4805744617787,306.37415605916556,311.00590276398736,14091400
2025-12-23,315.457763671875,316.07732233157225,310.5312415592812,310.9159802898749,13961400
2025-12-24,315.4477844238281,316.0673430697277,313.0994327046168,315.9274269904115,6138200
2025-12-26,314.7382507324219,316.3371303864859,313.4991334861664,315.697596822516,6730900
2025-12-29,314.168701171875,314.7482794651283,311.6804332591459,312.5997990474494,12317700
2025-12-30,314.32855224609375,317.47635911952403,313.0294796129375,313.18937063635735,11052500
2025-12-31,313.5790710449219,315.16797851359684,311.9802218497337,313.1493810861174,10821500
2026-01-02,315.0980224609375,322.6866704398477,310.4312967164081,317.3664134053808,22043700
2026-01-05,317.09661865234375,319.02525264134,315.0270622120786,317.4713546577956,19934000
2026-01-06,314.32855224609375,321.33362713520853,312.1201165712904,317.08661903192046,18989900
2026-01-07,322.2030029296875,326.23516596134203,314.2785929449241,314.34855098419695,24681800
2026-01-08,325.7804870605469,330.3072965587092,321.7632977668038,329.03320030352205,21789600
2026-01-09,328.9082946777344,331.24664361980945,326.02031464702753,327.2594319079323,17917700
2026-01-12,332.4957580566406,334.2045456211923,325.28083995553135,326.2701332040466,23893800
2026-01-13,336.1931457519531,340.9598071864901,334.1146234915264,335.0439614518862,24616700
2026-01-14,336.0732421875,336.79273654204565,330.9068988397455,334.7491627620068,17839300
2026-01-15,332.92547607421875,337.89197866848025,331.0567973378674,337.8170192662028,16424900
2026-01-16,330.1074523925781,335.00399692197004,327.9389970491494,334.699218946803,21868600
2026-01-20,321.9331970214844,327.85901487201596,320.66410210372305,321.01383130033213,27169900
2026-01-21,328.1488342285156,332.49077668571255,319.3150610092894,320.8689590122254,22791700
2026-01-22,330.6070861816406,334.97400483813163,328.6484745534308,334.029693291732,19902100
2026-01-23,328.19879150390625,333.79485543404394,327.73912386384455,332.4208233773452,19110600
2026-01-26,333.35516357421875,336.1132304137125,327.2594516081396,327.96897375638883,18502500
2026-01-27,334.76416015625,337.97689313821826,333.51504015566695,335.39372151591886,16080900
2026-01-28,336.04327392578125,337.3923296902988,331.89620142426776,336.3730282034612,17538500
2026-01-29,338.4216003417969,342.0490498439696,326.4900031924115,340.110413087966,24548300
2026-01-30,338.29168701171875,340.0504577998832,332.40584919738757,334.2245448121359,21740200
2026-02-02,344.6571960449219,344.9220241320709,335.77347016017904,336.31306806137826,22775200
2026-02-03,340.4601745605469,349.9035038834414,338.35164404867646,348.269675588024,25786500
2026-02-04,333.1053161621094,344.0076388930214,329.1381099272902,343.5129922654913,36991100
2026-02-05,331.09674072265625,332.4098415688309,306.7039514285333,312.9795292869652,51842000
2026-02-06,322.87255859375,330.4072593202418,319.9246230593204,327.11956678967005,33877000
2026-02-09,324.171630859375,327.5092759897379,317.47636565634593,321.01385169802745,26103300
2026-02-10,318.40570068359375,321.40358879021477,314.4384942026548,320.6840944247819,25281900
2026-02-11,311.1108093261719,320.81899677354073,309.9116724274341,318.7354426626187,24008100
2026-02-12,309.1521911621094,316.25720140820505,307.9330488517572,312.1301041486662,28194000
2026-02-13,305.8045654296875,308.6725707022854,303.68606268869297,307.76817850318747,20236000
2026-02-17,302.6068115234375,304.6753614906176,296.69096599073265,300.4283536382017,23750800
2026-02-18,303.7260437011719,305.6946581383781,301.7674319832104,302.2191096500804,15847700
2026-02-19,303.3462829589844,305.81454523079384,300.4583334565555,302.30700660872435,13448600
2026-02-20,314.6783142089844,316.5370206854778,304.205711316736,304.58541819197296,33663100
2026-02-23,311.4705810546875,319.2300988453611,309.77176561057126,318.9153486533042,17641200
2026-02-24,310.7011413574219,312.1501023326058,305.8745243569723,310.4213396831998,15040700
2026-02-25,312.80963134765625,313.4391927184779,309.14220154269384,311.900268311591,20209100
2026-02-26,306.93377685546875,312.7796648699896,302.19712331874405,312.5847948204166,22380000
2026-02-27,311.21075439453125,311.8602907129145,303.37728357287466,303.72603691045066,33389200
2026-03-02,306.1443176269531,307.92309383959207,300.84806085749403,302.75171857799813,21854400
2026-03-03,303.3462829589844,303.72602030789244,296.4901208549964,298.20991751853006,20361100
2026-03-04,303.23638916015625,305.24495342097674,300.58823031296424,302.4719130675056,20015600
2026-03-05,300.6981506347656,303.15641015461176,297.8601537711846,302.9865469194204,22643900
2026-03-06,298.0899963378906,300.11856607791526,295.0421556163293,295.863567933826,17598000
2026-03-09,306.010009765625,306.5,293.92999267578125,294.135009765625,19632700
2026-03-10,306.92999267578125,309.1499938964844,305.30999755859375,305.875,14386400
2026-03-11,308.4200134277344,311.0690002441406,305.8399963378906,306.29998779296875,13376700
2026-03-12,303.2099914550781,308.6400146484375,300.8399963378906,306.2099914550781,15610200
2026-03-13,301.4599914550781,307.260009765625,299.7799987792969,306.6549987792969,16857500
2026-03-16,304.4200134277344,305.57000732421875,301.80999755859375,303.6000061035156,14822000
2026-03-17,309.4100036621094,310.04998779296875,304.3500061035156,304.6700134277344,14423600
2026-03-18,306.29998779296875,310.75,305.5450134277344,307.9049987792969,13848400
2026-03-19,305.7300109863281,306.67999267578125,301.0,303.2099914550781,15399700
2026-03-20,298.7900085449219,304.3699951171875,296.75,304.07000732421875,34763500
2026-03-23,299.0199890136719,303.3699951171875,298.0299987792969,300.5299987792969,22204100
2026-03-24,289.20001220703125,297.1000061035156,288.8550109863281,296.2099914550781,27411200
2026-03-25,289.5899963378906,294.6600036621094,287.3699951171875,292.1499938964844,22343000
2026-03-26,280.739990234375,286.5150146484375,279.04998779296875,286.19000244140625,29281200
2026-03-27,273.760009765625,279.0899963378906,273.4800109863281,277.3999938964844,25703300
2026-03-30,273.1400146484375,276.260009765625,271.5350036621094,275.44000244140625,22752300
2026-03-31,286.8599853515625,287.04998779296875,276.760009765625,277.5400085449219,31625100
2026-04-01,294.8999938964844,297.9849853515625,289.4700012207031,289.9800109863281,24403600
2026-04-02,294.4599914550781,295.8999938964844,287.57000732421875,288.989990234375,13433400
2026-04-06,297.6600036621094,298.42498779296875,293.7900085449219,294.70001220703125,10121700
2026-04-07,303.92999267578125,304.1000061035156,295.42498779296875,300.1400146484375,17317700
2026-04-08,314.739990234375,319.3900146484375,312.7049865722656,317.8299865722656,20887500
2026-04-09,316.3699951171875,317.42999267578125,309.4700012207031,313.19000244140625,14606800
2026-04-10,315.7200012207031,319.5,314.5400085449219,318.2250061035156,11997600
2026-04-13,319.2099914550781,319.42999267578125,313.69000244140625,315.4200134277344,12212800
2026-04-14,330.5799865722656,330.6400146484375,321.1499938964844,322.06500244140625,18557500
2026-04-15,334.4700012207031,335.0,328.6600036621094,330.55999755859375,15104100
2026-04-16,332.7699890136719,337.3800048828125,331.6499938964844,335.8500061035156,13949600
2026-04-17,339.3999938964844,339.9849853515625,333.2900085449219,334.42999267578125,19683800
2026-04-20,335.3999938964844,339.1600036621094,334.6300048828125,338.55999755859375,12897300
2026-04-21,330.4700012207031,337.1700134277344,329.6300048828125,335.5849914550781,14623800
2026-04-22,337.7300109863281,338.0299987792969,332.9599914550781,334.885009765625,12954200
2026-04-23,337.75,340.1600036621094,335.05999755859375,339.57501220703125,13442100
2026-04-24,342.32000732421875,343.69000244140625,334.04998779296875,337.7200012207031,18260900
2026-04-27,348.5199890136719,350.8999938964844,340.80999755859375,343.8800048828125,17443000
2026-04-28,347.5,349.8999938964844,344.2799987792969,346.9200134277344,18502300
2026-04-29,347.30999755859375,353.3999938964844,342.42999267578125,345.4800109863281,22232200
2026-04-30,381.94000244140625,382.6300048828125,363.0899963378906,371.2550048828125,44570500
2026-05-01,383.2200012207031,383.3900146484375,375.260009765625,377.9800109863281,28047900
2026-05-04,379.6400146484375,384.17999267578125,376.7699890136719,382.32000732421875,18275000
2026-05-05,384.2699890136719,388.9599914550781,380.3500061035156,381.8699951171875,15432500
2026-05-06,395.1400146484375,396.3800048828125,387.1000061035156,389.5899963378906,23097300
2026-05-07,395.29998779296875,397.3550109863281,390.30999755859375,397.05999755859375,15153600
2026-05-08,397.04998779296875,398.3699951171875,393.6700134277344,394.2699890136719,13762500
2026-05-11,386.7699890136719,394.3299865722656,386.2300109863281,390.69000244140625,16314900
2026-05-12,383.82000732421875,386.44000244140625,379.7200012207031,385.0,17103900
2026-05-13,399.0400085449219,399.92999267578125,381.5799865722656,381.9049987792969,18160100
2026-05-14,397.1700134277344,399.10400390625,392.7279968261719,393.7900085449219,13805400
2026-05-15,393.32000732421875,395.8800048828125,389.760009765625,393.2149963378906,15801900
2026-05-18,393.1099853515625,404.4700012207031,390.8999938964844,392.125,18592800
2026-05-19,384.8999938964844,393.3630065917969,383.0,393.29998779296875,25559400
2026-05-20,384.8999938964844,390.70001220703125,380.0,385.0400085449219,16488100
2026-05-21,383.4700012207031,388.67999267578125,379.4800109863281,382.010009765625,16837600
2026-05-22,379.3800048828125,384.8699951171875,378.260009765625,383.260009765625,13382800
2026-05-26,384.8399963378906,385.3900146484375,379.1400146484375,380.9949951171875,16150900
2026-05-27,384.8299865722656,389.7250061035156,382.0,382.7650146484375,16893100
2026-05-28,386.1199951171875,390.0,381.25,383.8599853515625,20795400
2026-05-29,376.42999267578125,381.6499938964844,374.29998779296875,381.2250061035156,47958700
